column,value,count,percent
2017 NAICS Title,Soybean Farming,1,0.09842519685039369
2017 NAICS Title,Oilseed (except Soybean) Farming,1,0.09842519685039369
2017 NAICS Title,Dry Pea and Bean Farming,1,0.09842519685039369
2017 NAICS Title,Wheat Farming,1,0.09842519685039369
2017 NAICS Title,Corn Farming,1,0.09842519685039369
2017 NAICS Title,Rice Farming,1,0.09842519685039369
2017 NAICS Title,Oilseed and Grain Combination Farming,1,0.09842519685039369
2017 NAICS Title,All Other Grain Farming,1,0.09842519685039369
2017 NAICS Title,Potato Farming,1,0.09842519685039369
2017 NAICS Title,Other Vegetable (except Potato) and Melon Farming,1,0.09842519685039369
2017 NAICS Title,Orange Groves,1,0.09842519685039369
2017 NAICS Title,Citrus (except Orange) Groves,1,0.09842519685039369
2017 NAICS Title,Apple Orchards,1,0.09842519685039369
2017 NAICS Title,Grape Vineyards,1,0.09842519685039369
2017 NAICS Title,Strawberry Farming,1,0.09842519685039369
2017 NAICS Title,Berry (except Strawberry) Farming,1,0.09842519685039369
2017 NAICS Title,Tree Nut Farming,1,0.09842519685039369
2017 NAICS Title,Fruit and Tree Nut Combination Farming,1,0.09842519685039369
2017 NAICS Title,Other Noncitrus Fruit Farming,1,0.09842519685039369
2017 NAICS Title,Mushroom Production,1,0.09842519685039369
2017 NAICS Title,Other Food Crops Grown Under Cover,1,0.09842519685039369
2017 NAICS Title,Nursery and Tree Production,1,0.09842519685039369
2017 NAICS Title,Floriculture Production,1,0.09842519685039369
2017 NAICS Title,Tobacco Farming,1,0.09842519685039369
2017 NAICS Title,Cotton Farming,1,0.09842519685039369
2017 NAICS Title,Sugarcane Farming,1,0.09842519685039369
2017 NAICS Title,Hay Farming,1,0.09842519685039369
2017 NAICS Title,Sugar Beet Farming,1,0.09842519685039369
2017 NAICS Title,Peanut Farming,1,0.09842519685039369
2017 NAICS Title,All Other Miscellaneous Crop Farming,1,0.09842519685039369
2017 NAICS Title,Beef Cattle Ranching and Farming,1,0.09842519685039369
2017 NAICS Title,Cattle Feedlots,1,0.09842519685039369
2017 NAICS Title,Dairy Cattle and Milk Production,1,0.09842519685039369
2017 NAICS Title,Dual-Purpose Cattle Ranching and Farming,1,0.09842519685039369
2017 NAICS Title,Hog and Pig Farming,1,0.09842519685039369
2017 NAICS Title,Chicken Egg Production,1,0.09842519685039369
2017 NAICS Title,Broilers and Other Meat Type Chicken Production,1,0.09842519685039369
2017 NAICS Title,Turkey Production,1,0.09842519685039369
2017 NAICS Title,Poultry Hatcheries,1,0.09842519685039369
2017 NAICS Title,Other Poultry Production,1,0.09842519685039369
2017 NAICS Title,Sheep Farming,1,0.09842519685039369
2017 NAICS Title,Goat Farming,1,0.09842519685039369
2017 NAICS Title,Finfish Farming and Fish Hatcheries,1,0.09842519685039369
2017 NAICS Title,Shellfish Farming,1,0.09842519685039369
2017 NAICS Title,Other Aquaculture,1,0.09842519685039369
2017 NAICS Title,Apiculture,1,0.09842519685039369
2017 NAICS Title,Horses and Other Equine Production,1,0.09842519685039369
2017 NAICS Title,Fur-Bearing Animal and Rabbit Production,1,0.09842519685039369
2017 NAICS Title,All Other Animal Production,1,0.09842519685039369
2017 NAICS Title,Timber Tract Operations,1,0.09842519685039369
2017 NAICS Title,Forest Nurseries and Gathering of Forest Products,1,0.09842519685039369
2017 NAICS Title,Logging,1,0.09842519685039369
2017 NAICS Title,Finfish Fishing,1,0.09842519685039369
2017 NAICS Title,Shellfish Fishing,1,0.09842519685039369
2017 NAICS Title,Other Marine Fishing,1,0.09842519685039369
2017 NAICS Title,Hunting and Trapping,1,0.09842519685039369
2017 NAICS Title,Cotton Ginning,1,0.09842519685039369
2017 NAICS Title,"Soil Preparation, Planting, and Cultivating",1,0.09842519685039369
2017 NAICS Title,"Crop Harvesting, Primarily by Machine",1,0.09842519685039369
2017 NAICS Title,Postharvest Crop Activities (except Cotton Ginning),1,0.09842519685039369
2017 NAICS Title,Farm Labor Contractors and Crew Leaders,1,0.09842519685039369
2017 NAICS Title,Farm Management Services,1,0.09842519685039369
2017 NAICS Title,Support Activities for Animal Production,1,0.09842519685039369
2017 NAICS Title,Support Activities for Forestry,1,0.09842519685039369
2017 NAICS Title,Crude Petroleum Extraction,1,0.09842519685039369
2017 NAICS Title,Natural Gas Extraction,1,0.09842519685039369
2017 NAICS Title,Bituminous Coal and Lignite Surface Mining,1,0.09842519685039369
2017 NAICS Title,Bituminous Coal Underground Mining,1,0.09842519685039369
2017 NAICS Title,Anthracite Mining,1,0.09842519685039369
2017 NAICS Title,Iron Ore Mining,1,0.09842519685039369
2017 NAICS Title,Gold Ore Mining,1,0.09842519685039369
2017 NAICS Title,Silver Ore Mining,1,0.09842519685039369
2017 NAICS Title,"Copper, Nickel, Lead, and Zinc Mining",1,0.09842519685039369
2017 NAICS Title,Uranium-Radium-Vanadium Ore Mining,1,0.09842519685039369
2017 NAICS Title,All Other Metal Ore Mining,1,0.09842519685039369
2017 NAICS Title,Dimension Stone Mining and Quarrying,1,0.09842519685039369
2017 NAICS Title,Crushed and Broken Limestone Mining and Quarrying,1,0.09842519685039369
2017 NAICS Title,Crushed and Broken Granite Mining and Quarrying,1,0.09842519685039369
2017 NAICS Title,Other Crushed and Broken Stone Mining and Quarrying,1,0.09842519685039369
2017 NAICS Title,Construction Sand and Gravel Mining,1,0.09842519685039369
2017 NAICS Title,Industrial Sand Mining,1,0.09842519685039369
2017 NAICS Title,Kaolin and Ball Clay Mining,1,0.09842519685039369
2017 NAICS Title,Clay and Ceramic and Refractory Minerals Mining,1,0.09842519685039369
2017 NAICS Title,"Potash, Soda, and Borate Mineral Mining",1,0.09842519685039369
2017 NAICS Title,Phosphate Rock Mining,1,0.09842519685039369
2017 NAICS Title,Other Chemical and Fertilizer Mineral Mining,1,0.09842519685039369
2017 NAICS Title,All Other Nonmetallic Mineral Mining,1,0.09842519685039369
2017 NAICS Title,Drilling Oil and Gas Wells,1,0.09842519685039369
2017 NAICS Title,Support Activities for Oil and Gas Operations,1,0.09842519685039369
2017 NAICS Title,Support Activities for Coal Mining,1,0.09842519685039369
2017 NAICS Title,Support Activities for Metal Mining,1,0.09842519685039369
2017 NAICS Title,Support Activities for Nonmetallic Minerals (except Fuels) Mining,1,0.09842519685039369
2017 NAICS Title,Natural Gas Distribution,1,0.09842519685039369
2017 NAICS Title,Water Supply and Irrigation Systems,1,0.09842519685039369
2017 NAICS Title,Sewage Treatment Facilities,1,0.09842519685039369
2017 NAICS Title,Steam and Air-Conditioning Supply,1,0.09842519685039369
2017 NAICS Title,New Single-Family Housing Construction (except For-Sale Builders),1,0.09842519685039369
2017 NAICS Title,New Multifamily Housing Construction (except For-Sale Builders),1,0.09842519685039369
2017 NAICS Title,New Housing For-Sale Builders,1,0.09842519685039369
2017 NAICS Title,Residential Remodelers,1,0.09842519685039369
2017 NAICS Title,Industrial Building Construction,1,0.09842519685039369
2017 NAICS Title,Commercial and Institutional Building Construction,1,0.09842519685039369
2017 NAICS Title,Water and Sewer Line and Related Structures Construction,1,0.09842519685039369
2017 NAICS Title,Oil and Gas Pipeline and Related Structures Construction,1,0.09842519685039369
2017 NAICS Title,Power and Communication Line and Related Structures Construction,1,0.09842519685039369
2017 NAICS Title,Land Subdivision,1,0.09842519685039369
2017 NAICS Title,"Highway, Street, and Bridge Construction",1,0.09842519685039369
2017 NAICS Title,Other Heavy and Civil Engineering Construction,1,0.09842519685039369
2017 NAICS Title,Poured Concrete Foundation and Structure Contractors,1,0.09842519685039369
2017 NAICS Title,Structural Steel and Precast Concrete Contractors,1,0.09842519685039369
2017 NAICS Title,Framing Contractors,1,0.09842519685039369
2017 NAICS Title,Masonry Contractors,1,0.09842519685039369
2017 NAICS Title,Glass and Glazing Contractors,1,0.09842519685039369
2017 NAICS Title,Roofing Contractors,1,0.09842519685039369
2017 NAICS Title,Siding Contractors,1,0.09842519685039369
2017 NAICS Title,"Other Foundation, Structure, and Building Exterior Contractors",1,0.09842519685039369
2017 NAICS Title,Electrical Contractors and Other Wiring Installation Contractors,1,0.09842519685039369
2017 NAICS Title,"Plumbing, Heating, and Air-Conditioning Contractors",1,0.09842519685039369
2017 NAICS Title,Other Building Equipment Contractors,1,0.09842519685039369
2017 NAICS Title,Drywall and Insulation Contractors,1,0.09842519685039369
2017 NAICS Title,Painting and Wall Covering Contractors,1,0.09842519685039369
2017 NAICS Title,Flooring Contractors,1,0.09842519685039369
2017 NAICS Title,Tile and Terrazzo Contractors,1,0.09842519685039369
2017 NAICS Title,Finish Carpentry Contractors,1,0.09842519685039369
2017 NAICS Title,Other Building Finishing Contractors,1,0.09842519685039369
2017 NAICS Title,Site Preparation Contractors,1,0.09842519685039369
2017 NAICS Title,All Other Specialty Trade Contractors,1,0.09842519685039369
2017 NAICS Title,Dog and Cat Food Manufacturing,1,0.09842519685039369
2017 NAICS Title,Other Animal Food Manufacturing,1,0.09842519685039369
2017 NAICS Title,Flour Milling,1,0.09842519685039369
2017 NAICS Title,Rice Milling,1,0.09842519685039369
2017 NAICS Title,Malt Manufacturing,1,0.09842519685039369
2017 NAICS Title,Wet Corn Milling,1,0.09842519685039369
2017 NAICS Title,Soybean and Other Oilseed Processing,1,0.09842519685039369
2017 NAICS Title,Fats and Oils Refining and Blending,1,0.09842519685039369
2017 NAICS Title,Breakfast Cereal Manufacturing,1,0.09842519685039369
2017 NAICS Title,Beet Sugar Manufacturing,1,0.09842519685039369
2017 NAICS Title,Cane Sugar Manufacturing,1,0.09842519685039369
2017 NAICS Title,Nonchocolate Confectionery Manufacturing,1,0.09842519685039369
2017 NAICS Title,Chocolate and Confectionery Manufacturing from Cacao Beans,1,0.09842519685039369
2017 NAICS Title,Confectionery Manufacturing from Purchased Chocolate,1,0.09842519685039369
2017 NAICS Title,"Frozen Fruit, Juice, and Vegetable Manufacturing",1,0.09842519685039369
2017 NAICS Title,Frozen Specialty Food Manufacturing,1,0.09842519685039369
2017 NAICS Title,Fruit and Vegetable Canning,1,0.09842519685039369
2017 NAICS Title,Specialty Canning,1,0.09842519685039369
2017 NAICS Title,Dried and Dehydrated Food Manufacturing,1,0.09842519685039369
2017 NAICS Title,Fluid Milk Manufacturing,1,0.09842519685039369
2017 NAICS Title,Creamery Butter Manufacturing,1,0.09842519685039369
2017 NAICS Title,Cheese Manufacturing,1,0.09842519685039369
2017 NAICS Title,"Dry, Condensed, and Evaporated Dairy Product Manufacturing",1,0.09842519685039369
2017 NAICS Title,Ice Cream and Frozen Dessert Manufacturing,1,0.09842519685039369
2017 NAICS Title,Animal (except Poultry) Slaughtering,1,0.09842519685039369
2017 NAICS Title,Meat Processed from Carcasses,1,0.09842519685039369
2017 NAICS Title,Rendering and Meat Byproduct Processing,1,0.09842519685039369
2017 NAICS Title,Poultry Processing,1,0.09842519685039369
2017 NAICS Title,Seafood Product Preparation and Packaging,1,0.09842519685039369
2017 NAICS Title,Retail Bakeries,1,0.09842519685039369
2017 NAICS Title,Commercial Bakeries,1,0.09842519685039369
2017 NAICS Title,"Frozen Cakes, Pies, and Other Pastries Manufacturing",1,0.09842519685039369
2017 NAICS Title,Cookie and Cracker Manufacturing,1,0.09842519685039369
2017 NAICS Title,"Dry Pasta, Dough, and Flour Mixes Manufacturing from Purchased Flour",1,0.09842519685039369
2017 NAICS Title,Tortilla Manufacturing,1,0.09842519685039369
2017 NAICS Title,Roasted Nuts and Peanut Butter Manufacturing,1,0.09842519685039369
2017 NAICS Title,Other Snack Food Manufacturing,1,0.09842519685039369
2017 NAICS Title,Coffee and Tea Manufacturing,1,0.09842519685039369
2017 NAICS Title,Flavoring Syrup and Concentrate Manufacturing,1,0.09842519685039369
2017 NAICS Title,"Mayonnaise, Dressing, and Other Prepared Sauce Manufacturing",1,0.09842519685039369
2017 NAICS Title,Spice and Extract Manufacturing,1,0.09842519685039369
2017 NAICS Title,Perishable Prepared Food Manufacturing,1,0.09842519685039369
2017 NAICS Title,All Other Miscellaneous Food Manufacturing,1,0.09842519685039369
2017 NAICS Title,Soft Drink Manufacturing,1,0.09842519685039369
2017 NAICS Title,Bottled Water Manufacturing,1,0.09842519685039369
2017 NAICS Title,Ice Manufacturing,1,0.09842519685039369
2017 NAICS Title,Breweries,1,0.09842519685039369
2017 NAICS Title,Wineries,1,0.09842519685039369
2017 NAICS Title,Distilleries,1,0.09842519685039369
2017 NAICS Title,Tobacco Manufacturing,1,0.09842519685039369
2017 NAICS Title,"Fiber, Yarn, and Thread Mills",1,0.09842519685039369
2017 NAICS Title,Broadwoven Fabric Mills,1,0.09842519685039369
2017 NAICS Title,Narrow Fabric Mills and Schiffli Machine Embroidery,1,0.09842519685039369
2017 NAICS Title,Nonwoven Fabric Mills,1,0.09842519685039369
2017 NAICS Title,Knit Fabric Mills,1,0.09842519685039369
2017 NAICS Title,Textile and Fabric Finishing Mills,1,0.09842519685039369
2017 NAICS Title,Fabric Coating Mills,1,0.09842519685039369
2017 NAICS Title,Carpet and Rug Mills,1,0.09842519685039369
2017 NAICS Title,Curtain and Linen Mills,1,0.09842519685039369
2017 NAICS Title,Textile Bag and Canvas Mills,1,0.09842519685039369
2017 NAICS Title,"Rope, Cordage, Twine, Tire Cord, and Tire Fabric Mills",1,0.09842519685039369
2017 NAICS Title,All Other Miscellaneous Textile Product Mills,1,0.09842519685039369
2017 NAICS Title,Hosiery and Sock Mills,1,0.09842519685039369
2017 NAICS Title,Other Apparel Knitting Mills,1,0.09842519685039369
2017 NAICS Title,Cut and Sew Apparel Contractors,1,0.09842519685039369
2017 NAICS Title,Men's and Boys' Cut and Sew Apparel Manufacturing,1,0.09842519685039369
2017 NAICS Title,"Women's, Girls', and Infants' Cut and Sew Apparel Manufacturing",1,0.09842519685039369
2017 NAICS Title,Other Cut and Sew Apparel Manufacturing,1,0.09842519685039369
2017 NAICS Title,Apparel Accessories and Other Apparel Manufacturing,1,0.09842519685039369
2017 NAICS Title,Leather and Hide Tanning and Finishing,1,0.09842519685039369
2017 NAICS Title,Footwear Manufacturing,1,0.09842519685039369
2017 NAICS Title,Women's Handbag and Purse Manufacturing,1,0.09842519685039369
2017 NAICS Title,All Other Leather Good and Allied Product Manufacturing,1,0.09842519685039369
2017 NAICS Title,Sawmills,1,0.09842519685039369
2017 NAICS Title,Wood Preservation,1,0.09842519685039369
2017 NAICS Title,Hardwood Veneer and Plywood Manufacturing,1,0.09842519685039369
2017 NAICS Title,Softwood Veneer and Plywood Manufacturing,1,0.09842519685039369
2017 NAICS Title,Engineered Wood Member (except Truss) Manufacturing,1,0.09842519685039369
2017 NAICS Title,Truss Manufacturing,1,0.09842519685039369
2017 NAICS Title,Reconstituted Wood Product Manufacturing,1,0.09842519685039369
2017 NAICS Title,Wood Window and Door Manufacturing,1,0.09842519685039369
2017 NAICS Title,"Cut Stock, Resawing Lumber, and Planing",1,0.09842519685039369
2017 NAICS Title,Other Millwork (including Flooring),1,0.09842519685039369
2017 NAICS Title,Wood Container and Pallet Manufacturing,1,0.09842519685039369
2017 NAICS Title,Manufactured Home (Mobile Home) Manufacturing,1,0.09842519685039369
2017 NAICS Title,Prefabricated Wood Building Manufacturing,1,0.09842519685039369
2017 NAICS Title,All Other Miscellaneous Wood Product Manufacturing,1,0.09842519685039369
2017 NAICS Title,Pulp Mills,1,0.09842519685039369
2017 NAICS Title,Paper (except Newsprint) Mills,1,0.09842519685039369
2017 NAICS Title,Newsprint Mills,1,0.09842519685039369
2017 NAICS Title,Paperboard Mills,1,0.09842519685039369
2017 NAICS Title,Corrugated and Solid Fiber Box Manufacturing,1,0.09842519685039369
2017 NAICS Title,Folding Paperboard Box Manufacturing,1,0.09842519685039369
2017 NAICS Title,Other Paperboard Container Manufacturing,1,0.09842519685039369
2017 NAICS Title,Paper Bag and Coated and Treated Paper Manufacturing,1,0.09842519685039369
2017 NAICS Title,Stationery Product Manufacturing,1,0.09842519685039369
2017 NAICS Title,Sanitary Paper Product Manufacturing,1,0.09842519685039369
2017 NAICS Title,All Other Converted Paper Product Manufacturing,1,0.09842519685039369
2017 NAICS Title,Commercial Printing (except Screen and Books),1,0.09842519685039369
2017 NAICS Title,Commercial Screen Printing,1,0.09842519685039369
2017 NAICS Title,Books Printing,1,0.09842519685039369
2017 NAICS Title,Support Activites for Printing,1,0.09842519685039369
2017 NAICS Title,Petroleum Refineries,1,0.09842519685039369
2017 NAICS Title,Asphalt Paving Mixture and Block Manufacturing,1,0.09842519685039369
2017 NAICS Title,Asphalt Shingle and Coating Materials Manufacturing,1,0.09842519685039369
2017 NAICS Title,Petroleum Lubricating Oil and Grease Manufacturing,1,0.09842519685039369
2017 NAICS Title,All Other Petroleum and Coal Products Manufacturing,1,0.09842519685039369
2017 NAICS Title,Petrochemical Manufacturing,1,0.09842519685039369
2017 NAICS Title,Industrial Gas Manufacturing,1,0.09842519685039369
2017 NAICS Title,Synthetic Dye and Pigment Manufacturing,1,0.09842519685039369
2017 NAICS Title,Other Basic Inorganic Chemical Manufacturing,1,0.09842519685039369
2017 NAICS Title,Ethyl Alcohol Manufacturing,1,0.09842519685039369
2017 NAICS Title,"Cyclic Crude, Intermediate, and Gum and Wood Chemical Manufacturing",1,0.09842519685039369
2017 NAICS Title,All Other Basic Organic Chemical Manufacturing,1,0.09842519685039369
2017 NAICS Title,Plastics Material and Resin Manufacturing,1,0.09842519685039369
2017 NAICS Title,Synthetic Rubber Manufacturing,1,0.09842519685039369
2017 NAICS Title,Artificial and Synthetic Fibers and Filaments Manufacturing,1,0.09842519685039369
2017 NAICS Title,Nitrogenous Fertilizer Manufacturing,1,0.09842519685039369
2017 NAICS Title,Phosphatic Fertilizer Manufacturing,1,0.09842519685039369
2017 NAICS Title,Fertilizer (Mixing Only) Manufacturing,1,0.09842519685039369
2017 NAICS Title,Pesticide and Other Agricultural Chemical Manufacturing,1,0.09842519685039369
2017 NAICS Title,Medicinal and Botanical Manufacturing,1,0.09842519685039369
2017 NAICS Title,Pharmaceutical Preparation Manufacturing,1,0.09842519685039369
2017 NAICS Title,In-Vitro Diagnostic Substance Manufacturing,1,0.09842519685039369
2017 NAICS Title,Biological Product (except Diagnostic) Manufacturing,1,0.09842519685039369
2017 NAICS Title,Paint and Coating Manufacturing,1,0.09842519685039369
2017 NAICS Title,Adhesive Manufacturing,1,0.09842519685039369
2017 NAICS Title,Soap and Other Detergent Manufacturing,1,0.09842519685039369
2017 NAICS Title,Polish and Other Sanitation Good Manufacturing,1,0.09842519685039369
2017 NAICS Title,Surface Active Agent Manufacturing,1,0.09842519685039369
2017 NAICS Title,Toilet Preparation Manufacturing,1,0.09842519685039369
2017 NAICS Title,Printing Ink Manufacturing,1,0.09842519685039369
2017 NAICS Title,Explosives Manufacturing,1,0.09842519685039369
2017 NAICS Title,Custom Compounding of Purchased Resins,1,0.09842519685039369
2017 NAICS Title,"Photographic Film, Paper, Plate, and Chemical Manufacturing",1,0.09842519685039369
2017 NAICS Title,All Other Miscellaneous Chemical Product and Preparation Manufacturing,1,0.09842519685039369
2017 NAICS Title,Plastics Bag and Pouch Manufacturing,1,0.09842519685039369
2017 NAICS Title,Plastics Packaging Film and Sheet (including Laminated) Manufacturing,1,0.09842519685039369
2017 NAICS Title,Unlaminated Plastics Film and Sheet (except Packaging) Manufacturing,1,0.09842519685039369
2017 NAICS Title,Unlaminated Plastics Profile Shape Manufacturing,1,0.09842519685039369
2017 NAICS Title,Plastics Pipe and Pipe Fitting Manufacturing,1,0.09842519685039369
2017 NAICS Title,"Laminated Plastics Plate, Sheet (except Packaging), and Shape Manufacturing",1,0.09842519685039369
2017 NAICS Title,Polystyrene Foam Product Manufacturing,1,0.09842519685039369
2017 NAICS Title,Urethane and Other Foam Product (except Polystyrene) Manufacturing,1,0.09842519685039369
2017 NAICS Title,Plastics Bottle Manufacturing,1,0.09842519685039369
2017 NAICS Title,Plastics Plumbing Fixture Manufacturing,1,0.09842519685039369
2017 NAICS Title,All Other Plastics Product Manufacturing,1,0.09842519685039369
2017 NAICS Title,Tire Manufacturing (except Retreading),1,0.09842519685039369
2017 NAICS Title,Tire Retreading,1,0.09842519685039369
2017 NAICS Title,Rubber and Plastics Hoses and Belting Manufacturing,1,0.09842519685039369
2017 NAICS Title,Rubber Product Manufacturing for Mechanical Use,1,0.09842519685039369
2017 NAICS Title,All Other Rubber Product Manufacturing,1,0.09842519685039369
2017 NAICS Title,"Pottery, Ceramics, and Plumbing Fixture Manufacturing",1,0.09842519685039369
2017 NAICS Title,Clay Building Material and Refractories Manufacturing,1,0.09842519685039369
2017 NAICS Title,Flat Glass Manufacturing,1,0.09842519685039369
2017 NAICS Title,Other Pressed and Blown Glass and Glassware Manufacturing,1,0.09842519685039369
2017 NAICS Title,Glass Container Manufacturing,1,0.09842519685039369
2017 NAICS Title,Glass Product Manufacturing Made of Purchased Glass,1,0.09842519685039369
2017 NAICS Title,Cement Manufacturing,1,0.09842519685039369
2017 NAICS Title,Ready-Mix Concrete Manufacturing,1,0.09842519685039369
2017 NAICS Title,Concrete Block and Brick Manufacturing,1,0.09842519685039369
2017 NAICS Title,Concrete Pipe Manufacturing,1,0.09842519685039369
2017 NAICS Title,Other Concrete Product Manufacturing,1,0.09842519685039369
2017 NAICS Title,Lime Manufacturing,1,0.09842519685039369
2017 NAICS Title,Gypsum Product Manufacturing,1,0.09842519685039369
2017 NAICS Title,Abrasive Product Manufacturing,1,0.09842519685039369
2017 NAICS Title,Cut Stone and Stone Product Manufacturing,1,0.09842519685039369
2017 NAICS Title,Ground or Treated Mineral and Earth Manufacturing,1,0.09842519685039369
2017 NAICS Title,Mineral Wool Manufacturing,1,0.09842519685039369
2017 NAICS Title,All Other Miscellaneous Nonmetallic Mineral Product Manufacturing,1,0.09842519685039369
2017 NAICS Title,Iron and Steel Mills and Ferroalloy Manufacturing,1,0.09842519685039369
2017 NAICS Title,Iron and Steel Pipe and Tube Manufacturing from Purchased Steel,1,0.09842519685039369
2017 NAICS Title,Rolled Steel Shape Manufacturing,1,0.09842519685039369
2017 NAICS Title,Steel Wire Drawing,1,0.09842519685039369
2017 NAICS Title,Alumina Refining and Primary Aluminum Production,1,0.09842519685039369
2017 NAICS Title,"Aluminum Sheet, Plate, and Foil Manufacturing",1,0.09842519685039369
2017 NAICS Title,"Other Aluminum Rolling, Drawing, and Extruding",1,0.09842519685039369
2017 NAICS Title,Nonferrous Metal (except Aluminum) Smelting and Refining,1,0.09842519685039369
2017 NAICS Title,"Copper Rolling, Drawing, Extruding, and Alloying",1,0.09842519685039369
2017 NAICS Title,"Nonferrous Metal (except Copper and Aluminum) Rolling, Drawing, and Extruding",1,0.09842519685039369
2017 NAICS Title,"Secondary Smelting, Refining, and Alloying of Nonferrous Metal (except Copper and Aluminum)",1,0.09842519685039369
2017 NAICS Title,Iron Foundries,1,0.09842519685039369
2017 NAICS Title,Steel Investment Foundries,1,0.09842519685039369
2017 NAICS Title,Steel Foundries (except Investment),1,0.09842519685039369
2017 NAICS Title,Nonferrous Metal Die-Casting Foundries,1,0.09842519685039369
2017 NAICS Title,Aluminum Foundries (except Die-Casting),1,0.09842519685039369
2017 NAICS Title,Other Nonferrous Metal Foundries (except Die-Casting),1,0.09842519685039369
2017 NAICS Title,Iron and Steel Forging,1,0.09842519685039369
2017 NAICS Title,Nonferrous Forging,1,0.09842519685039369
2017 NAICS Title,Custom Roll Forming,1,0.09842519685039369
2017 NAICS Title,Powder Metallurgy Part Manufacturing,1,0.09842519685039369
2017 NAICS Title,"Metal Crown, Closure, and Other Metal Stamping (except Automotive)",1,0.09842519685039369
2017 NAICS Title,"Metal Kitchen Cookware, Utensil, Cutlery, and Flatware (except Precious) Manufacturing",1,0.09842519685039369
2017 NAICS Title,Saw Blade and Handtool Manufacturing,1,0.09842519685039369
2017 NAICS Title,Prefabricated Metal Building and Component Manufacturing,1,0.09842519685039369
2017 NAICS Title,Fabricated Structural Metal Manufacturing,1,0.09842519685039369
2017 NAICS Title,Plate Work Manufacturing,1,0.09842519685039369
2017 NAICS Title,Metal Window and Door Manufacturing,1,0.09842519685039369
2017 NAICS Title,Sheet Metal Work Manufacturing,1,0.09842519685039369
2017 NAICS Title,Ornamental and Architectural Metal Work Manufacturing,1,0.09842519685039369
2017 NAICS Title,Power Boiler and Heat Exchanger Manufacturing,1,0.09842519685039369
2017 NAICS Title,Metal Tank (Heavy Gauge) Manufacturing,1,0.09842519685039369
2017 NAICS Title,Metal Can Manufacturing,1,0.09842519685039369
2017 NAICS Title,Other Metal Container Manufacturing,1,0.09842519685039369
2017 NAICS Title,Hardware Manufacturing,1,0.09842519685039369
2017 NAICS Title,Spring Manufacturing,1,0.09842519685039369
2017 NAICS Title,Other Fabricated Wire Product Manufacturing,1,0.09842519685039369
2017 NAICS Title,Machine Shops,1,0.09842519685039369
2017 NAICS Title,Precision Turned Product Manufacturing,1,0.09842519685039369
2017 NAICS Title,"Bolt, Nut, Screw, Rivet, and Washer Manufacturing",1,0.09842519685039369
2017 NAICS Title,Metal Heat Treating,1,0.09842519685039369
2017 NAICS Title,"Metal Coating, Engraving (except Jewelry and Silverware), and Allied Services to Manufacturers",1,0.09842519685039369
2017 NAICS Title,"Electroplating, Plating, Polishing, Anodizing, and Coloring",1,0.09842519685039369
2017 NAICS Title,Industrial Valve Manufacturing,1,0.09842519685039369
2017 NAICS Title,Fluid Power Valve and Hose Fitting Manufacturing,1,0.09842519685039369
2017 NAICS Title,Plumbing Fixture Fitting and Trim Manufacturing,1,0.09842519685039369
2017 NAICS Title,Other Metal Valve and Pipe Fitting Manufacturing,1,0.09842519685039369
2017 NAICS Title,Ball and Roller Bearing Manufacturing,1,0.09842519685039369
2017 NAICS Title,Small Arms Ammunition Manufacturing,1,0.09842519685039369
2017 NAICS Title,Ammunition (except Small Arms) Manufacturing,1,0.09842519685039369
2017 NAICS Title,"Small Arms, Ordnance, and Ordnance Accessories Manufacturing",1,0.09842519685039369
2017 NAICS Title,Fabricated Pipe and Pipe Fitting Manufacturing,1,0.09842519685039369
2017 NAICS Title,All Other Miscellaneous Fabricated Metal Product Manufacturing,1,0.09842519685039369
2017 NAICS Title,Farm Machinery and Equipment Manufacturing,1,0.09842519685039369
2017 NAICS Title,Lawn and Garden Tractor and Home Lawn and Garden Equipment Manufacturing,1,0.09842519685039369
2017 NAICS Title,Construction Machinery Manufacturing,1,0.09842519685039369
2017 NAICS Title,Mining Machinery and Equipment Manufacturing,1,0.09842519685039369
2017 NAICS Title,Oil and Gas Field Machinery and Equipment Manufacturing,1,0.09842519685039369
2017 NAICS Title,Food Product Machinery Manufacturing,1,0.09842519685039369
2017 NAICS Title,Semiconductor Machinery Manufacturing,1,0.09842519685039369
2017 NAICS Title,"Sawmill, Woodworking, and Paper Machinery Manufacturing",1,0.09842519685039369
2017 NAICS Title,Printing Machinery and Equipment Manufacturing,1,0.09842519685039369
2017 NAICS Title,Other Industrial Machinery Manufacturing,1,0.09842519685039369
2017 NAICS Title,Optical Instrument and Lens Manufacturing,1,0.09842519685039369
2017 NAICS Title,Photographic and Photocopying Equipment Manufacturing,1,0.09842519685039369
2017 NAICS Title,Other Commercial and Service Industry Machinery Manufacturing,1,0.09842519685039369
2017 NAICS Title,Industrial and Commercial Fan and Blower and Air Purification Equipment Manufacturing,1,0.09842519685039369
2017 NAICS Title,Heating Equipment (except Warm Air Furnaces) Manufacturing,1,0.09842519685039369
2017 NAICS Title,Air-Conditioning and Warm Air Heating Equipment and Commercial and Industrial Refrigeration Equipment Manufacturing,1,0.09842519685039369
2017 NAICS Title,Industrial Mold Manufacturing,1,0.09842519685039369
2017 NAICS Title,"Special Die and Tool, Die Set, Jig, and Fixture Manufacturing",1,0.09842519685039369
2017 NAICS Title,Cutting Tool and Machine Tool Accessory Manufacturing,1,0.09842519685039369
2017 NAICS Title,Machine Tool Manufacturing,1,0.09842519685039369
2017 NAICS Title,Rolling Mill and Other Metalworking Machinery Manufacturing,1,0.09842519685039369
2017 NAICS Title,Turbine and Turbine Generator Set Units Manufacturing,1,0.09842519685039369
2017 NAICS Title,"Speed Changer, Industrial High-Speed Drive, and Gear Manufacturing",1,0.09842519685039369
2017 NAICS Title,Mechanical Power Transmission Equipment Manufacturing,1,0.09842519685039369
2017 NAICS Title,Other Engine Equipment Manufacturing,1,0.09842519685039369
2017 NAICS Title,Air and Gas Compressor Manufacturing,1,0.09842519685039369
2017 NAICS Title,"Measuring, Dispensing, and Other Pumping Equipment Manufacturing",1,0.09842519685039369
2017 NAICS Title,Elevator and Moving Stairway Manufacturing,1,0.09842519685039369
2017 NAICS Title,Conveyor and Conveying Equipment Manufacturing,1,0.09842519685039369
2017 NAICS Title,"Overhead Traveling Crane, Hoist, and Monorail System Manufacturing",1,0.09842519685039369
2017 NAICS Title,"Industrial Truck, Tractor, Trailer, and Stacker Machinery Manufacturing",1,0.09842519685039369
2017 NAICS Title,Power-Driven Handtool Manufacturing,1,0.09842519685039369
2017 NAICS Title,Welding and Soldering Equipment Manufacturing,1,0.09842519685039369
2017 NAICS Title,Packaging Machinery Manufacturing,1,0.09842519685039369
2017 NAICS Title,Industrial Process Furnace and Oven Manufacturing,1,0.09842519685039369
2017 NAICS Title,Fluid Power Cylinder and Actuator Manufacturing,1,0.09842519685039369
2017 NAICS Title,Fluid Power Pump and Motor Manufacturing,1,0.09842519685039369
2017 NAICS Title,Scale and Balance Manufacturing,1,0.09842519685039369
2017 NAICS Title,All Other Miscellaneous General Purpose Machinery Manufacturing,1,0.09842519685039369
2017 NAICS Title,Electronic Computer Manufacturing,1,0.09842519685039369
2017 NAICS Title,Computer Storage Device Manufacturing,1,0.09842519685039369
2017 NAICS Title,Computer Terminal and Other Computer Peripheral Equipment Manufacturing,1,0.09842519685039369
2017 NAICS Title,Telephone Apparatus Manufacturing,1,0.09842519685039369
2017 NAICS Title,Radio and Television Broadcasting and Wireless Communications Equipment Manufacturing,1,0.09842519685039369
2017 NAICS Title,Other Communications Equipment Manufacturing,1,0.09842519685039369
2017 NAICS Title,Audio and Video Equipment Manufacturing,1,0.09842519685039369
2017 NAICS Title,Bare Printed Circuit Board Manufacturing,1,0.09842519685039369
2017 NAICS Title,Semiconductor and Related Device Manufacturing,1,0.09842519685039369
2017 NAICS Title,"Capacitor, Resistor, Coil, Transformer, and Other Inductor Manufacturing",1,0.09842519685039369
2017 NAICS Title,Electronic Connector Manufacturing,1,0.09842519685039369
2017 NAICS Title,Printed Circuit Assembly (Electronic Assembly) Manufacturing,1,0.09842519685039369
2017 NAICS Title,Other Electronic Component Manufacturing,1,0.09842519685039369
2017 NAICS Title,Electromedical and Electrotherapeutic Apparatus Manufacturing,1,0.09842519685039369
2017 NAICS Title,"Search, Detection, Navigation, Guidance, Aeronautical, and Nautical System and Instrument Manufacturing",1,0.09842519685039369
2017 NAICS Title,"Automatic Environmental Control Manufacturing for Residential, Commercial, and Appliance Use",1,0.09842519685039369
2017 NAICS Title,"Instruments and Related Products Manufacturing for Measuring, Displaying, and Controlling Industrial Process Variables",1,0.09842519685039369
2017 NAICS Title,Totalizing Fluid Meter and Counting Device Manufacturing,1,0.09842519685039369
2017 NAICS Title,Instrument Manufacturing for Measuring and Testing Electricity and Electrical Signals,1,0.09842519685039369
2017 NAICS Title,Analytical Laboratory Instrument Manufacturing,1,0.09842519685039369
2017 NAICS Title,Irradiation Apparatus Manufacturing,1,0.09842519685039369
2017 NAICS Title,Other Measuring and Controlling Device Manufacturing,1,0.09842519685039369
2017 NAICS Title,Blank Magnetic and Optical Recording Media Manufacturing,1,0.09842519685039369
2017 NAICS Title,"Software and Other Prerecorded Compact Disc, Tape, and Record Reproducing",1,0.09842519685039369
2017 NAICS Title,Electric Lamp Bulb and Part Manufacturing,1,0.09842519685039369
2017 NAICS Title,Residential Electric Lighting Fixture Manufacturing,1,0.09842519685039369
2017 NAICS Title,"Commercial, Industrial, and Institutional Electric Lighting Fixture Manufacturing",1,0.09842519685039369
2017 NAICS Title,Other Lighting Equipment Manufacturing,1,0.09842519685039369
2017 NAICS Title,Small Electrical Appliance Manufacturing,1,0.09842519685039369
2017 NAICS Title,Major Household Appliance Manufacturing,1,0.09842519685039369
2017 NAICS Title,"Power, Distribution, and Specialty Transformer Manufacturing",1,0.09842519685039369
2017 NAICS Title,Motor and Generator Manufacturing,1,0.09842519685039369
2017 NAICS Title,Switchgear and Switchboard Apparatus Manufacturing,1,0.09842519685039369
2017 NAICS Title,Relay and Industrial Control Manufacturing,1,0.09842519685039369
2017 NAICS Title,Storage Battery Manufacturing,1,0.09842519685039369
2017 NAICS Title,Primary Battery Manufacturing,1,0.09842519685039369
2017 NAICS Title,Fiber Optic Cable Manufacturing,1,0.09842519685039369
2017 NAICS Title,Other Communication and Energy Wire Manufacturing,1,0.09842519685039369
2017 NAICS Title,Current-Carrying Wiring Device Manufacturing,1,0.09842519685039369
2017 NAICS Title,Noncurrent-Carrying Wiring Device Manufacturing,1,0.09842519685039369
2017 NAICS Title,Carbon and Graphite Product Manufacturing,1,0.09842519685039369
2017 NAICS Title,All Other Miscellaneous Electrical Equipment and Component Manufacturing,1,0.09842519685039369
2017 NAICS Title,Automobile Manufacturing,1,0.09842519685039369
2017 NAICS Title,Light Truck and Utility Vehicle Manufacturing,1,0.09842519685039369
2017 NAICS Title,Heavy Duty Truck Manufacturing,1,0.09842519685039369
2017 NAICS Title,Motor Vehicle Body Manufacturing,1,0.09842519685039369
2017 NAICS Title,Truck Trailer Manufacturing,1,0.09842519685039369
2017 NAICS Title,Motor Home Manufacturing,1,0.09842519685039369
2017 NAICS Title,Travel Trailer and Camper Manufacturing,1,0.09842519685039369
2017 NAICS Title,Motor Vehicle Gasoline Engine and Engine Parts Manufacturing,1,0.09842519685039369
2017 NAICS Title,Motor Vehicle Electrical and Electronic Equipment Manufacturing,1,0.09842519685039369
2017 NAICS Title,Motor Vehicle Steering and Suspension Components (except Spring) Manufacturing,1,0.09842519685039369
2017 NAICS Title,Motor Vehicle Brake System Manufacturing,1,0.09842519685039369
2017 NAICS Title,Motor Vehicle Transmission and Power Train Parts Manufacturing,1,0.09842519685039369
2017 NAICS Title,Motor Vehicle Seating and Interior Trim Manufacturing,1,0.09842519685039369
2017 NAICS Title,Motor Vehicle Metal Stamping,1,0.09842519685039369
2017 NAICS Title,Other Motor Vehicle Parts Manufacturing,1,0.09842519685039369
2017 NAICS Title,Aircraft Manufacturing,1,0.09842519685039369
2017 NAICS Title,Aircraft Engine and Engine Parts Manufacturing,1,0.09842519685039369
2017 NAICS Title,Other Aircraft Parts and Auxiliary Equipment Manufacturing,1,0.09842519685039369
2017 NAICS Title,Guided Missile and Space Vehicle Manufacturing,1,0.09842519685039369
2017 NAICS Title,Guided Missile and Space Vehicle Propulsion Unit and Propulsion Unit Parts Manufacturing,1,0.09842519685039369
2017 NAICS Title,Other Guided Missile and Space Vehicle Parts and Auxiliary Equipment Manufacturing,1,0.09842519685039369
2017 NAICS Title,Railroad Rolling Stock Manufacturing,1,0.09842519685039369
2017 NAICS Title,Ship Building and Repairing,1,0.09842519685039369
2017 NAICS Title,Boat Building,1,0.09842519685039369
2017 NAICS Title,"Motorcycle, Bicycle, and Parts Manufacturing",1,0.09842519685039369
2017 NAICS Title,"Military Armored Vehicle, Tank, and Tank Component Manufacturing",1,0.09842519685039369
2017 NAICS Title,All Other Transportation Equipment Manufacturing,1,0.09842519685039369
2017 NAICS Title,Wood Kitchen Cabinet and Countertop Manufacturing,1,0.09842519685039369
2017 NAICS Title,Upholstered Household Furniture Manufacturing,1,0.09842519685039369
2017 NAICS Title,Nonupholstered Wood Household Furniture Manufacturing,1,0.09842519685039369
2017 NAICS Title,Metal Household Furniture Manufacturing,1,0.09842519685039369
2017 NAICS Title,Household Furniture (except Wood and Metal) Manufacturing,1,0.09842519685039369
2017 NAICS Title,Institutional Furniture Manufacturing,1,0.09842519685039369
2017 NAICS Title,Wood Office Furniture Manufacturing,1,0.09842519685039369
2017 NAICS Title,Custom Architectural Woodwork and Millwork Manufacturing,1,0.09842519685039369
2017 NAICS Title,Office Furniture (except Wood) Manufacturing,1,0.09842519685039369
2017 NAICS Title,"Showcase, Partition, Shelving, and Locker Manufacturing",1,0.09842519685039369
2017 NAICS Title,Mattress Manufacturing,1,0.09842519685039369
2017 NAICS Title,Blind and Shade Manufacturing,1,0.09842519685039369
2017 NAICS Title,Surgical and Medical Instrument Manufacturing,1,0.09842519685039369
2017 NAICS Title,Surgical Appliance and Supplies Manufacturing,1,0.09842519685039369
2017 NAICS Title,Dental Equipment and Supplies Manufacturing,1,0.09842519685039369
2017 NAICS Title,Ophthalmic Goods Manufacturing,1,0.09842519685039369
2017 NAICS Title,Dental Laboratories,1,0.09842519685039369
2017 NAICS Title,Jewelry and Silverware Manufacturing,1,0.09842519685039369
2017 NAICS Title,Sporting and Athletic Goods Manufacturing,1,0.09842519685039369
2017 NAICS Title,"Doll, Toy, and Game Manufacturing",1,0.09842519685039369
2017 NAICS Title,Office Supplies (except Paper) Manufacturing,1,0.09842519685039369
2017 NAICS Title,Sign Manufacturing,1,0.09842519685039369
2017 NAICS Title,"Gasket, Packing, and Sealing Device Manufacturing",1,0.09842519685039369
2017 NAICS Title,Musical Instrument Manufacturing,1,0.09842519685039369
2017 NAICS Title,"Fastener, Button, Needle, and Pin Manufacturing",1,0.09842519685039369
2017 NAICS Title,"Broom, Brush, and Mop Manufacturing",1,0.09842519685039369
2017 NAICS Title,Burial Casket Manufacturing,1,0.09842519685039369
2017 NAICS Title,All Other Miscellaneous Manufacturing,1,0.09842519685039369
2017 NAICS Title,Automobile and Other Motor Vehicle Merchant Wholesalers,1,0.09842519685039369
2017 NAICS Title,Motor Vehicle Supplies and New Parts Merchant Wholesalers,1,0.09842519685039369
2017 NAICS Title,Tire and Tube Merchant Wholesalers,1,0.09842519685039369
2017 NAICS Title,Motor Vehicle Parts (Used) Merchant Wholesalers,1,0.09842519685039369
2017 NAICS Title,Furniture Merchant Wholesalers,1,0.09842519685039369
2017 NAICS Title,Home Furnishing Merchant Wholesalers,1,0.09842519685039369
2017 NAICS Title,"Lumber, Plywood, Millwork, and Wood Panel Merchant Wholesalers",1,0.09842519685039369
2017 NAICS Title,"Brick, Stone, and Related Construction Material Merchant Wholesalers",1,0.09842519685039369
2017 NAICS Title,"Roofing, Siding, and Insulation Material Merchant Wholesalers",1,0.09842519685039369
2017 NAICS Title,Other Construction Material Merchant Wholesalers,1,0.09842519685039369
2017 NAICS Title,Photographic Equipment and Supplies Merchant Wholesalers,1,0.09842519685039369
2017 NAICS Title,Office Equipment Merchant Wholesalers,1,0.09842519685039369
2017 NAICS Title,Computer and Computer Peripheral Equipment and Software Merchant Wholesalers,1,0.09842519685039369
2017 NAICS Title,Other Commercial Equipment Merchant Wholesalers,1,0.09842519685039369
2017 NAICS Title,"Medical, Dental, and Hospital Equipment and Supplies Merchant Wholesalers",1,0.09842519685039369
2017 NAICS Title,Ophthalmic Goods Merchant Wholesalers,1,0.09842519685039369
2017 NAICS Title,Other Professional Equipment and Supplies Merchant Wholesalers,1,0.09842519685039369
2017 NAICS Title,Metal Service Centers and Other Metal Merchant Wholesalers,1,0.09842519685039369
2017 NAICS Title,Coal and Other Mineral and Ore Merchant Wholesalers,1,0.09842519685039369
2017 NAICS Title,"Electrical Apparatus and Equipment, Wiring Supplies, and Related Equipment Merchant Wholesalers",1,0.09842519685039369
2017 NAICS Title,"Household Appliances, Electric Housewares, and Consumer Electronics Merchant Wholesalers",1,0.09842519685039369
2017 NAICS Title,Other Electronic Parts and Equipment Merchant Wholesalers,1,0.09842519685039369
2017 NAICS Title,Hardware Merchant Wholesalers,1,0.09842519685039369
2017 NAICS Title,Plumbing and Heating Equipment and Supplies (Hydronics) Merchant Wholesalers,1,0.09842519685039369
2017 NAICS Title,Warm Air Heating and Air-Conditioning Equipment and Supplies Merchant Wholesalers,1,0.09842519685039369
2017 NAICS Title,Refrigeration Equipment and Supplies Merchant Wholesalers,1,0.09842519685039369
2017 NAICS Title,Construction and Mining (except Oil Well) Machinery and Equipment Merchant Wholesalers,1,0.09842519685039369
2017 NAICS Title,Farm and Garden Machinery and Equipment Merchant Wholesalers,1,0.09842519685039369
2017 NAICS Title,Industrial Machinery and Equipment Merchant Wholesalers,1,0.09842519685039369
2017 NAICS Title,Industrial Supplies Merchant Wholesalers,1,0.09842519685039369
2017 NAICS Title,Service Establishment Equipment and Supplies Merchant Wholesalers,1,0.09842519685039369
2017 NAICS Title,Transportation Equipment and Supplies (except Motor Vehicle) Merchant Wholesalers,1,0.09842519685039369
2017 NAICS Title,Sporting and Recreational Goods and Supplies Merchant Wholesalers,1,0.09842519685039369
2017 NAICS Title,Toy and Hobby Goods and Supplies Merchant Wholesalers,1,0.09842519685039369
2017 NAICS Title,Recyclable Material Merchant Wholesalers,1,0.09842519685039369
2017 NAICS Title,"Jewelry, Watch, Precious Stone, and Precious Metal Merchant Wholesalers",1,0.09842519685039369
2017 NAICS Title,Other Miscellaneous Durable Goods Merchant Wholesalers,1,0.09842519685039369
2017 NAICS Title,Printing and Writing Paper Merchant Wholesalers,1,0.09842519685039369
2017 NAICS Title,Stationery and Office Supplies Merchant Wholesalers,1,0.09842519685039369
2017 NAICS Title,Industrial and Personal Service Paper Merchant Wholesalers,1,0.09842519685039369
2017 NAICS Title,Drugs and Druggists' Sundries Merchant Wholesalers,1,0.09842519685039369
2017 NAICS Title,"Piece Goods, Notions, and Other Dry Goods Merchant Wholesalers",1,0.09842519685039369
2017 NAICS Title,Men's and Boys' Clothing and Furnishings Merchant Wholesalers,1,0.09842519685039369
2017 NAICS Title,"Women's, Children's, and Infants' Clothing and Accessories Merchant Wholesalers",1,0.09842519685039369
2017 NAICS Title,Footwear Merchant Wholesalers,1,0.09842519685039369
2017 NAICS Title,General Line Grocery Merchant Wholesalers,1,0.09842519685039369
2017 NAICS Title,Packaged Frozen Food Merchant Wholesalers,1,0.09842519685039369
2017 NAICS Title,Dairy Product (except Dried or Canned) Merchant Wholesalers,1,0.09842519685039369
2017 NAICS Title,Poultry and Poultry Product Merchant Wholesalers,1,0.09842519685039369
2017 NAICS Title,Confectionery Merchant Wholesalers,1,0.09842519685039369
2017 NAICS Title,Fish and Seafood Merchant Wholesalers,1,0.09842519685039369
2017 NAICS Title,Meat and Meat Product Merchant Wholesalers,1,0.09842519685039369
2017 NAICS Title,Fresh Fruit and Vegetable Merchant Wholesalers,1,0.09842519685039369
2017 NAICS Title,Other Grocery and Related Products Merchant Wholesalers,1,0.09842519685039369
2017 NAICS Title,Grain and Field Bean Merchant Wholesalers,1,0.09842519685039369
2017 NAICS Title,Livestock Merchant Wholesalers,1,0.09842519685039369
2017 NAICS Title,Other Farm Product Raw Material Merchant Wholesalers,1,0.09842519685039369
2017 NAICS Title,Plastics Materials and Basic Forms and Shapes Merchant Wholesalers,1,0.09842519685039369
2017 NAICS Title,Other Chemical and Allied Products Merchant Wholesalers,1,0.09842519685039369
2017 NAICS Title,Petroleum Bulk Stations and Terminals,1,0.09842519685039369
2017 NAICS Title,Petroleum and Petroleum Products Merchant Wholesalers (except Bulk Stations and Terminals),1,0.09842519685039369
2017 NAICS Title,Beer and Ale Merchant Wholesalers,1,0.09842519685039369
2017 NAICS Title,Wine and Distilled Alcoholic Beverage Merchant Wholesalers,1,0.09842519685039369
2017 NAICS Title,Farm Supplies Merchant Wholesalers,1,0.09842519685039369
2017 NAICS Title,"Book, Periodical, and Newspaper Merchant Wholesalers",1,0.09842519685039369
2017 NAICS Title,"Flower, Nursery Stock, and Florists' Supplies Merchant Wholesalers",1,0.09842519685039369
2017 NAICS Title,Tobacco and Tobacco Product Merchant Wholesalers,1,0.09842519685039369
2017 NAICS Title,"Paint, Varnish, and Supplies Merchant Wholesalers",1,0.09842519685039369
2017 NAICS Title,Other Miscellaneous Nondurable Goods Merchant Wholesalers,1,0.09842519685039369
2017 NAICS Title,Business to Business Electronic Markets,1,0.09842519685039369
2017 NAICS Title,Wholesale Trade Agents and Brokers,1,0.09842519685039369
2017 NAICS Title,New Car Dealers,1,0.09842519685039369
2017 NAICS Title,Used Car Dealers,1,0.09842519685039369
2017 NAICS Title,Recreational Vehicle Dealers,1,0.09842519685039369
2017 NAICS Title,Boat Dealers,1,0.09842519685039369
2017 NAICS Title,"Motorcycle, ATV, and All Other Motor Vehicle Dealers",1,0.09842519685039369
2017 NAICS Title,Automotive Parts and Accessories Stores,1,0.09842519685039369
2017 NAICS Title,Tire Dealers,1,0.09842519685039369
2017 NAICS Title,Furniture Stores,1,0.09842519685039369
2017 NAICS Title,Floor Covering Stores,1,0.09842519685039369
2017 NAICS Title,Window Treatment Stores,1,0.09842519685039369
2017 NAICS Title,All Other Home Furnishings Stores,1,0.09842519685039369
2017 NAICS Title,Household Appliance Stores,1,0.09842519685039369
2017 NAICS Title,Electronics Stores,1,0.09842519685039369
2017 NAICS Title,Home Centers,1,0.09842519685039369
2017 NAICS Title,Paint and Wallpaper Stores,1,0.09842519685039369
2017 NAICS Title,Hardware Stores,1,0.09842519685039369
2017 NAICS Title,Other Building Material Dealers,1,0.09842519685039369
2017 NAICS Title,Outdoor Power Equipment Stores,1,0.09842519685039369
2017 NAICS Title,"Nursery, Garden Center, and Farm Supply Stores",1,0.09842519685039369
2017 NAICS Title,Supermarkets and Other Grocery (except Convenience) Stores,1,0.09842519685039369
2017 NAICS Title,Convenience Stores,1,0.09842519685039369
2017 NAICS Title,Meat Markets,1,0.09842519685039369
2017 NAICS Title,Fish and Seafood Markets,1,0.09842519685039369
2017 NAICS Title,Fruit and Vegetable Markets,1,0.09842519685039369
2017 NAICS Title,Baked Goods Stores,1,0.09842519685039369
2017 NAICS Title,Confectionery and Nut Stores,1,0.09842519685039369
2017 NAICS Title,All Other Specialty Food Stores,1,0.09842519685039369
2017 NAICS Title,"Beer, Wine, and Liquor Stores",1,0.09842519685039369
2017 NAICS Title,Pharmacies and Drug Stores,1,0.09842519685039369
2017 NAICS Title,"Cosmetics, Beauty Supplies, and Perfume Stores",1,0.09842519685039369
2017 NAICS Title,Optical Goods Stores,1,0.09842519685039369
2017 NAICS Title,Food (Health) Supplement Stores,1,0.09842519685039369
2017 NAICS Title,All Other Health and Personal Care Stores,1,0.09842519685039369
2017 NAICS Title,Gasoline Stations with Convenience Stores,1,0.09842519685039369
2017 NAICS Title,Other Gasoline Stations,1,0.09842519685039369
2017 NAICS Title,Men's Clothing Stores,1,0.09842519685039369
2017 NAICS Title,Women's Clothing Stores,1,0.09842519685039369
2017 NAICS Title,Children's and Infants' Clothing Stores,1,0.09842519685039369
2017 NAICS Title,Family Clothing Stores,1,0.09842519685039369
2017 NAICS Title,Clothing Accessories Stores,1,0.09842519685039369
2017 NAICS Title,Other Clothing Stores,1,0.09842519685039369
2017 NAICS Title,Shoe Stores,1,0.09842519685039369
2017 NAICS Title,Jewelry Stores,1,0.09842519685039369
2017 NAICS Title,Luggage and Leather Goods Stores,1,0.09842519685039369
2017 NAICS Title,Sporting Goods Stores,1,0.09842519685039369
2017 NAICS Title,"Hobby, Toy, and Game Stores",1,0.09842519685039369
2017 NAICS Title,"Sewing, Needlework, and Piece Goods Stores",1,0.09842519685039369
2017 NAICS Title,Musical Instrument and Supplies Stores,1,0.09842519685039369
2017 NAICS Title,Book Stores,1,0.09842519685039369
2017 NAICS Title,News Dealers and Newsstands,1,0.09842519685039369
2017 NAICS Title,Department Stores,1,0.09842519685039369
2017 NAICS Title,Warehouse Clubs and Supercenters,1,0.09842519685039369
2017 NAICS Title,All Other General Merchandise Stores,1,0.09842519685039369
2017 NAICS Title,Florists,1,0.09842519685039369
2017 NAICS Title,Office Supplies and Stationery Stores,1,0.09842519685039369
2017 NAICS Title,"Gift, Novelty, and Souvenir Stores",1,0.09842519685039369
2017 NAICS Title,Used Merchandise Stores,1,0.09842519685039369
2017 NAICS Title,Pet and Pet Supplies Stores,1,0.09842519685039369
2017 NAICS Title,Art Dealers,1,0.09842519685039369
2017 NAICS Title,Manufactured (Mobile) Home Dealers,1,0.09842519685039369
2017 NAICS Title,Tobacco Stores,1,0.09842519685039369
2017 NAICS Title,All Other Miscellaneous Store Retailers (except Tobacco Stores),1,0.09842519685039369
2017 NAICS Title,Electronic Shopping and Mail-Order Houses,1,0.09842519685039369
2017 NAICS Title,Vending Machine Operators,1,0.09842519685039369
2017 NAICS Title,Fuel Dealers,1,0.09842519685039369
2017 NAICS Title,Other Direct Selling Establishments,1,0.09842519685039369
2017 NAICS Title,Scheduled Passenger Air Transportation,1,0.09842519685039369
2017 NAICS Title,Scheduled Freight Air Transportation,1,0.09842519685039369
2017 NAICS Title,Nonscheduled Chartered Passenger Air Transportation,1,0.09842519685039369
2017 NAICS Title,Nonscheduled Chartered Freight Air Transportation,1,0.09842519685039369
2017 NAICS Title,Other Nonscheduled Air Transportation,1,0.09842519685039369
2017 NAICS Title,Line-Haul Railroads,1,0.09842519685039369
2017 NAICS Title,Short Line Railroads,1,0.09842519685039369
2017 NAICS Title,Deep Sea Freight Transportation,1,0.09842519685039369
2017 NAICS Title,Deep Sea Passenger Transportation,1,0.09842519685039369
2017 NAICS Title,Coastal and Great Lakes Freight Transportation,1,0.09842519685039369
2017 NAICS Title,Coastal and Great Lakes Passenger Transportation,1,0.09842519685039369
2017 NAICS Title,Inland Water Freight Transportation,1,0.09842519685039369
2017 NAICS Title,Inland Water Passenger Transportation,1,0.09842519685039369
2017 NAICS Title,"General Freight Trucking, Local",1,0.09842519685039369
2017 NAICS Title,"General Freight Trucking, Long-Distance, Truckload",1,0.09842519685039369
2017 NAICS Title,"General Freight Trucking, Long-Distance, Less Than Truckload",1,0.09842519685039369
2017 NAICS Title,Used Household and Office Goods Moving,1,0.09842519685039369
2017 NAICS Title,"Specialized Freight (except Used Goods) Trucking, Local",1,0.09842519685039369
2017 NAICS Title,"Specialized Freight (except Used Goods) Trucking, Long-Distance",1,0.09842519685039369
2017 NAICS Title,Mixed Mode Transit Systems,1,0.09842519685039369
2017 NAICS Title,Commuter Rail Systems,1,0.09842519685039369
2017 NAICS Title,Bus and Other Motor Vehicle Transit Systems,1,0.09842519685039369
2017 NAICS Title,Other Urban Transit Systems,1,0.09842519685039369
2017 NAICS Title,Interurban and Rural Bus Transportation,1,0.09842519685039369
2017 NAICS Title,Taxi Service,1,0.09842519685039369
2017 NAICS Title,Limousine Service,1,0.09842519685039369
2017 NAICS Title,School and Employee Bus Transportation,1,0.09842519685039369
2017 NAICS Title,Charter Bus Industry,1,0.09842519685039369
2017 NAICS Title,Special Needs Transportation,1,0.09842519685039369
2017 NAICS Title,All Other Transit and Ground Passenger Transportation,1,0.09842519685039369
2017 NAICS Title,Pipeline Transportation of Crude Oil,1,0.09842519685039369
2017 NAICS Title,Pipeline Transportation of Natural Gas,1,0.09842519685039369
2017 NAICS Title,Pipeline Transportation of Refined Petroleum Products,1,0.09842519685039369
2017 NAICS Title,All Other Pipeline Transportation,1,0.09842519685039369
2017 NAICS Title,"Scenic and Sightseeing Transportation, Land",1,0.09842519685039369
2017 NAICS Title,"Scenic and Sightseeing Transportation, Water",1,0.09842519685039369
2017 NAICS Title,"Scenic and Sightseeing Transportation, Other",1,0.09842519685039369
2017 NAICS Title,Air Traffic Control,1,0.09842519685039369
2017 NAICS Title,Other Airport Operations,1,0.09842519685039369
2017 NAICS Title,Other Support Activities for Air Transportation,1,0.09842519685039369
2017 NAICS Title,Support Activities for Rail Transportation,1,0.09842519685039369
2017 NAICS Title,Port and Harbor Operations,1,0.09842519685039369
2017 NAICS Title,Marine Cargo Handling,1,0.09842519685039369
2017 NAICS Title,Navigational Services to Shipping,1,0.09842519685039369
2017 NAICS Title,Other Support Activities for Water Transportation,1,0.09842519685039369
2017 NAICS Title,Motor Vehicle Towing,1,0.09842519685039369
2017 NAICS Title,Other Support Activities for Road Transportation,1,0.09842519685039369
2017 NAICS Title,Freight Transportation Arrangement,1,0.09842519685039369
2017 NAICS Title,Packing and Crating,1,0.09842519685039369
2017 NAICS Title,All Other Support Activities for Transportation,1,0.09842519685039369
2017 NAICS Title,Postal Service,1,0.09842519685039369
2017 NAICS Title,Couriers and Express Delivery Services,1,0.09842519685039369
2017 NAICS Title,Local Messengers and Local Delivery,1,0.09842519685039369
2017 NAICS Title,General Warehousing and Storage,1,0.09842519685039369
2017 NAICS Title,Refrigerated Warehousing and Storage,1,0.09842519685039369
2017 NAICS Title,Farm Product Warehousing and Storage,1,0.09842519685039369
2017 NAICS Title,Other Warehousing and Storage,1,0.09842519685039369
2017 NAICS Title,Newspaper Publishers,1,0.09842519685039369
2017 NAICS Title,Periodical Publishers,1,0.09842519685039369
2017 NAICS Title,Book Publishers,1,0.09842519685039369
2017 NAICS Title,Directory and Mailing List Publishers,1,0.09842519685039369
2017 NAICS Title,Greeting Card Publishers,1,0.09842519685039369
2017 NAICS Title,All Other Publishers,1,0.09842519685039369
2017 NAICS Title,Software Publishers,1,0.09842519685039369
2017 NAICS Title,Motion Picture and Video Production,1,0.09842519685039369
2017 NAICS Title,Motion Picture and Video Distribution,1,0.09842519685039369
2017 NAICS Title,Motion Picture Theaters (except Drive-Ins),1,0.09842519685039369
2017 NAICS Title,Drive-In Motion Picture Theaters,1,0.09842519685039369
2017 NAICS Title,Teleproduction and Other Postproduction Services,1,0.09842519685039369
2017 NAICS Title,Other Motion Picture and Video Industries,1,0.09842519685039369
2017 NAICS Title,Music Publishers,1,0.09842519685039369
2017 NAICS Title,Sound Recording Studios,1,0.09842519685039369
2017 NAICS Title,Record Production and Distribution,1,0.09842519685039369
2017 NAICS Title,Other Sound Recording Industries,1,0.09842519685039369
2017 NAICS Title,Radio Networks,1,0.09842519685039369
2017 NAICS Title,Radio Stations,1,0.09842519685039369
2017 NAICS Title,Television Broadcasting,1,0.09842519685039369
2017 NAICS Title,Cable and Other Subscription Programming,1,0.09842519685039369
2017 NAICS Title,Wired Telecommunications Carriers,1,0.09842519685039369
2017 NAICS Title,Wireless Telecommunications Carriers (except Satellite),1,0.09842519685039369
2017 NAICS Title,Satellite Telecommunications,1,0.09842519685039369
2017 NAICS Title,Telecommunications Resellers,1,0.09842519685039369
2017 NAICS Title,All Other Telecommunications,1,0.09842519685039369
2017 NAICS Title,"Data Processing, Hosting, and Related Services",1,0.09842519685039369
2017 NAICS Title,News Syndicates,1,0.09842519685039369
2017 NAICS Title,Libraries and Archives,1,0.09842519685039369
2017 NAICS Title,Internet Publishing and Broadcasting and Web Search Portals,1,0.09842519685039369
2017 NAICS Title,All Other Information Services,1,0.09842519685039369
2017 NAICS Title,Monetary Authorities-Central Bank,1,0.09842519685039369
2017 NAICS Title,Commercial Banking,1,0.09842519685039369
2017 NAICS Title,Savings Institutions,1,0.09842519685039369
2017 NAICS Title,Credit Unions,1,0.09842519685039369
2017 NAICS Title,Other Depository Credit Intermediation,1,0.09842519685039369
2017 NAICS Title,Credit Card Issuing,1,0.09842519685039369
2017 NAICS Title,Sales Financing,1,0.09842519685039369
2017 NAICS Title,Consumer Lending,1,0.09842519685039369
2017 NAICS Title,Real Estate Credit,1,0.09842519685039369
2017 NAICS Title,International Trade Financing,1,0.09842519685039369
2017 NAICS Title,Secondary Market Financing,1,0.09842519685039369
2017 NAICS Title,All Other Nondepository Credit Intermediation,1,0.09842519685039369
2017 NAICS Title,Mortgage and Nonmortgage Loan Brokers,1,0.09842519685039369
2017 NAICS Title,"Financial Transactions Processing, Reserve, and Clearinghouse Activities",1,0.09842519685039369
2017 NAICS Title,Other Activities Related to Credit Intermediation,1,0.09842519685039369
2017 NAICS Title,Investment Banking and Securities Dealing,1,0.09842519685039369
2017 NAICS Title,Securities Brokerage,1,0.09842519685039369
2017 NAICS Title,Commodity Contracts Dealing,1,0.09842519685039369
2017 NAICS Title,Commodity Contracts Brokerage,1,0.09842519685039369
2017 NAICS Title,Securities and Commodity Exchanges,1,0.09842519685039369
2017 NAICS Title,Miscellaneous Intermediation,1,0.09842519685039369
2017 NAICS Title,Portfolio Management,1,0.09842519685039369
2017 NAICS Title,Investment Advice,1,0.09842519685039369
2017 NAICS Title,"Trust, Fiduciary, and Custody Activities",1,0.09842519685039369
2017 NAICS Title,Miscellaneous Financial Investment Activities,1,0.09842519685039369
2017 NAICS Title,Direct Life Insurance Carriers,1,0.09842519685039369
2017 NAICS Title,Direct Health and Medical Insurance Carriers,1,0.09842519685039369
2017 NAICS Title,Direct Property and Casualty Insurance Carriers,1,0.09842519685039369
2017 NAICS Title,Direct Title Insurance Carriers,1,0.09842519685039369
2017 NAICS Title,"Other Direct Insurance (except Life, Health, and Medical) Carriers",1,0.09842519685039369
2017 NAICS Title,Reinsurance Carriers,1,0.09842519685039369
2017 NAICS Title,Insurance Agencies and Brokerages,1,0.09842519685039369
2017 NAICS Title,Claims Adjusting,1,0.09842519685039369
2017 NAICS Title,Third Party Administration of Insurance and Pension Funds,1,0.09842519685039369
2017 NAICS Title,All Other Insurance Related Activities,1,0.09842519685039369
2017 NAICS Title,Pension Funds,1,0.09842519685039369
2017 NAICS Title,Health and Welfare Funds,1,0.09842519685039369
2017 NAICS Title,Other Insurance Funds,1,0.09842519685039369
2017 NAICS Title,Open-End Investment Funds,1,0.09842519685039369
2017 NAICS Title,"Trusts, Estates, and Agency Accounts",1,0.09842519685039369
2017 NAICS Title,Other Financial Vehicles,1,0.09842519685039369
2017 NAICS Title,Lessors of Residential Buildings and Dwellings,1,0.09842519685039369
2017 NAICS Title,Lessors of Nonresidential Buildings (excpet Miniwarehouses),1,0.09842519685039369
2017 NAICS Title,Lessors of Miniwarehouses and Self-Storage Units,1,0.09842519685039369
2017 NAICS Title,Lessors of Other Real Estate Property,1,0.09842519685039369
2017 NAICS Title,Offices of Real Estate Agents and Brokers,1,0.09842519685039369
2017 NAICS Title,Residential Property Managers,1,0.09842519685039369
2017 NAICS Title,Nonresidential Property Managers,1,0.09842519685039369
2017 NAICS Title,Offices of Real Estate Appraisers,1,0.09842519685039369
2017 NAICS Title,Other Activities Related to Real Estate,1,0.09842519685039369
2017 NAICS Title,Passenger Car Rental,1,0.09842519685039369
2017 NAICS Title,Passenger Car Leasing,1,0.09842519685039369
2017 NAICS Title,"Truck, Utility Trailer, and RV (Recreational Vehicle) Rental and Leasing",1,0.09842519685039369
2017 NAICS Title,Consumer Electronics and Appliances Rental,1,0.09842519685039369
2017 NAICS Title,Formal Wear and Costume Rental,1,0.09842519685039369
2017 NAICS Title,Video Tape and Disc Rental,1,0.09842519685039369
2017 NAICS Title,Home Health Equipment Rental,1,0.09842519685039369
2017 NAICS Title,Recreational Goods Rental,1,0.09842519685039369
2017 NAICS Title,All Other Consumer Goods Rental,1,0.09842519685039369
2017 NAICS Title,General Rental Centers,1,0.09842519685039369
2017 NAICS Title,"Commercial Air, Rail, and Water Transportation Equipment Rental and Leasing",1,0.09842519685039369
2017 NAICS Title,"Construction, Mining, and Forestry Machinery and Equipment Rental and Leasing",1,0.09842519685039369
2017 NAICS Title,Office Machinery and Equipment Rental and Leasing,1,0.09842519685039369
2017 NAICS Title,Other Commercial and Industrial Machinery and Equipment Rental and Leasing,1,0.09842519685039369
2017 NAICS Title,Lessors of Nonfinancial Intangible Assets (except Copyrighted Works),1,0.09842519685039369
2017 NAICS Title,Offices of Lawyers,1,0.09842519685039369
2017 NAICS Title,Offices of Notaries,1,0.09842519685039369
2017 NAICS Title,Title Abstract and Settlement Offices,1,0.09842519685039369
2017 NAICS Title,All Other Legal Services,1,0.09842519685039369
2017 NAICS Title,Offices of Certified Public Accountants,1,0.09842519685039369
2017 NAICS Title,Tax Preparation Services,1,0.09842519685039369
2017 NAICS Title,Payroll Services,1,0.09842519685039369
2017 NAICS Title,Other Accounting Services,1,0.09842519685039369
2017 NAICS Title,Architectural Services,1,0.09842519685039369
2017 NAICS Title,Landscape Architectural Services,1,0.09842519685039369
2017 NAICS Title,Engineering Services,1,0.09842519685039369
2017 NAICS Title,Drafting Services,1,0.09842519685039369
2017 NAICS Title,Building Inspection Services,1,0.09842519685039369
2017 NAICS Title,Geophysical Surveying and Mapping Services,1,0.09842519685039369
2017 NAICS Title,Surveying and Mapping (except Geophysical) Services,1,0.09842519685039369
2017 NAICS Title,Testing Laboratories,1,0.09842519685039369
2017 NAICS Title,Interior Design Services,1,0.09842519685039369
2017 NAICS Title,Industrial Design Services,1,0.09842519685039369
2017 NAICS Title,Graphic Design Services,1,0.09842519685039369
2017 NAICS Title,Other Specialized Design Services,1,0.09842519685039369
2017 NAICS Title,Custom Computer Programming Services,1,0.09842519685039369
2017 NAICS Title,Computer Systems Design Services,1,0.09842519685039369
2017 NAICS Title,Computer Facilities Management Services,1,0.09842519685039369
2017 NAICS Title,Other Computer Related Services,1,0.09842519685039369
2017 NAICS Title,Administrative Management and General Management Consulting Services,1,0.09842519685039369
2017 NAICS Title,Human Resources Consulting Services,1,0.09842519685039369
2017 NAICS Title,Marketing Consulting Services,1,0.09842519685039369
2017 NAICS Title,"Process, Physical Distribution, and Logistics Consulting Services",1,0.09842519685039369
2017 NAICS Title,Other Management Consulting Services,1,0.09842519685039369
2017 NAICS Title,Environmental Consulting Services,1,0.09842519685039369
2017 NAICS Title,Other Scientific and Technical Consulting Services,1,0.09842519685039369
2017 NAICS Title,Research and Development in Nanotechnology,1,0.09842519685039369
2017 NAICS Title,Research and Development in Biotechnology (except Nanobiotechnology),1,0.09842519685039369
2017 NAICS Title,"Research and Development in the Physical, Engineering, and Life Sciences (except Nanotechnology and Biotechnology)",1,0.09842519685039369
2017 NAICS Title,Research and Development in the Social Sciences and Humanities,1,0.09842519685039369
2017 NAICS Title,Advertising Agencies,1,0.09842519685039369
2017 NAICS Title,Public Relations Agencies,1,0.09842519685039369
2017 NAICS Title,Media Buying Agencies,1,0.09842519685039369
2017 NAICS Title,Media Representatives,1,0.09842519685039369
2017 NAICS Title,Outdoor Advertising,1,0.09842519685039369
2017 NAICS Title,Direct Mail Advertising,1,0.09842519685039369
2017 NAICS Title,Advertising Material Distribution Services,1,0.09842519685039369
2017 NAICS Title,Other Services Related to Advertising,1,0.09842519685039369
2017 NAICS Title,Marketing Research and Public Opinion Polling,1,0.09842519685039369
2017 NAICS Title,"Photography Studios, Portrait",1,0.09842519685039369
2017 NAICS Title,Commercial Photography,1,0.09842519685039369
2017 NAICS Title,Translation and Interpretation Services,1,0.09842519685039369
2017 NAICS Title,Veterinary Services,1,0.09842519685039369
2017 NAICS Title,"All Other Professional, Scientific, and Technical Services",1,0.09842519685039369
2017 NAICS Title,Offices of Bank Holding Companies,1,0.09842519685039369
2017 NAICS Title,Offices of Other Holding Companies,1,0.09842519685039369
2017 NAICS Title,"Corporate, Subsidiary, and Regional Managing Offices",1,0.09842519685039369
2017 NAICS Title,Office Administrative Services,1,0.09842519685039369
2017 NAICS Title,Facilities Support Services,1,0.09842519685039369
2017 NAICS Title,Employment Placement Agencies,1,0.09842519685039369
2017 NAICS Title,Executive Search Services,1,0.09842519685039369
2017 NAICS Title,Temporary Help Services,1,0.09842519685039369
2017 NAICS Title,Professional Employer Organizations,1,0.09842519685039369
2017 NAICS Title,Document Preparation Services,1,0.09842519685039369
2017 NAICS Title,Telephone Answering Services,1,0.09842519685039369
2017 NAICS Title,Telemarketing Bureaus and Other Contact Centers,1,0.09842519685039369
2017 NAICS Title,Private Mail Centers,1,0.09842519685039369
2017 NAICS Title,Other Business Service Centers (including Copy Shops),1,0.09842519685039369
2017 NAICS Title,Collection Agencies,1,0.09842519685039369
2017 NAICS Title,Credit Bureaus,1,0.09842519685039369
2017 NAICS Title,Repossession Services,1,0.09842519685039369
2017 NAICS Title,Court Reporting and Stenotype Services,1,0.09842519685039369
2017 NAICS Title,All Other Business Support Services,1,0.09842519685039369
2017 NAICS Title,Travel Agencies,1,0.09842519685039369
2017 NAICS Title,Tour Operators,1,0.09842519685039369
2017 NAICS Title,Convention and Visitors Bureaus,1,0.09842519685039369
2017 NAICS Title,All Other Travel Arrangement and Reservation Services,1,0.09842519685039369
2017 NAICS Title,Investigation Services,1,0.09842519685039369
2017 NAICS Title,Security Guards and Patrol Services,1,0.09842519685039369
2017 NAICS Title,Armored Car Services,1,0.09842519685039369
2017 NAICS Title,Security Systems Services (except Locksmiths),1,0.09842519685039369
2017 NAICS Title,Locksmiths,1,0.09842519685039369
2017 NAICS Title,Exterminating and Pest Control Services,1,0.09842519685039369
2017 NAICS Title,Janitorial Services,1,0.09842519685039369
2017 NAICS Title,Landscaping Services,1,0.09842519685039369
2017 NAICS Title,Carpet and Upholstery Cleaning Services,1,0.09842519685039369
2017 NAICS Title,Other Services to Buildings and Dwellings,1,0.09842519685039369
2017 NAICS Title,Packaging and Labeling Services,1,0.09842519685039369
2017 NAICS Title,Convention and Trade Show Organizers,1,0.09842519685039369
2017 NAICS Title,All Other Support Services,1,0.09842519685039369
2017 NAICS Title,Solid Waste Collection,1,0.09842519685039369
2017 NAICS Title,Hazardous Waste Collection,1,0.09842519685039369
2017 NAICS Title,Other Waste Collection,1,0.09842519685039369
2017 NAICS Title,Hazardous Waste Treatment and Disposal,1,0.09842519685039369
2017 NAICS Title,Solid Waste Landfill,1,0.09842519685039369
2017 NAICS Title,Solid Waste Combustors and Incinerators,1,0.09842519685039369
2017 NAICS Title,Other Nonhazardous Waste Treatment and Disposal,1,0.09842519685039369
2017 NAICS Title,Remediation Services,1,0.09842519685039369
2017 NAICS Title,Materials Recovery Facilities,1,0.09842519685039369
2017 NAICS Title,Septic Tank and Related Services,1,0.09842519685039369
2017 NAICS Title,All Other Miscellaneous Waste Management Services,1,0.09842519685039369
2017 NAICS Title,Elementary and Secondary Schools,1,0.09842519685039369
2017 NAICS Title,Junior Colleges,1,0.09842519685039369
2017 NAICS Title,"Colleges, Universities, and Professional Schools",1,0.09842519685039369
2017 NAICS Title,Business and Secretarial Schools,1,0.09842519685039369
2017 NAICS Title,Computer Training,1,0.09842519685039369
2017 NAICS Title,Professional and Management Development Training,1,0.09842519685039369
2017 NAICS Title,Cosmetology and Barber Schools,1,0.09842519685039369
2017 NAICS Title,Flight Training,1,0.09842519685039369
2017 NAICS Title,Apprenticeship Training,1,0.09842519685039369
2017 NAICS Title,Other Technical and Trade Schools,1,0.09842519685039369
2017 NAICS Title,Fine Arts Schools,1,0.09842519685039369
2017 NAICS Title,Sports and Recreation Instruction,1,0.09842519685039369
2017 NAICS Title,Language Schools,1,0.09842519685039369
2017 NAICS Title,Exam Preparation and Tutoring,1,0.09842519685039369
2017 NAICS Title,Automobile Driving Schools,1,0.09842519685039369
2017 NAICS Title,All Other Miscellaneous Schools and Instruction,1,0.09842519685039369
2017 NAICS Title,Educational Support Services,1,0.09842519685039369
2017 NAICS Title,Offices of Physicians (except Mental Health Specialists),1,0.09842519685039369
2017 NAICS Title,"Offices of Physicians, Mental Health Specialists",1,0.09842519685039369
2017 NAICS Title,Offices of Dentists,1,0.09842519685039369
2017 NAICS Title,Offices of Chiropractors,1,0.09842519685039369
2017 NAICS Title,Offices of Optometrists,1,0.09842519685039369
2017 NAICS Title,Offices of Mental Health Practitioners (except Physicians),1,0.09842519685039369
2017 NAICS Title,"Offices of Physical, Occupational and Speech Therapists, and Audiologists",1,0.09842519685039369
2017 NAICS Title,Offices of Podiatrists,1,0.09842519685039369
2017 NAICS Title,Offices of All Other Miscellaneous Health Practitioners,1,0.09842519685039369
2017 NAICS Title,Family Planning Centers,1,0.09842519685039369
2017 NAICS Title,Outpatient Mental Health and Substance Abuse Centers,1,0.09842519685039369
2017 NAICS Title,HMO Medical Centers,1,0.09842519685039369
2017 NAICS Title,Kidney Dialysis Centers,1,0.09842519685039369
2017 NAICS Title,Freestanding Ambulatory Surgical and Emergency Centers,1,0.09842519685039369
2017 NAICS Title,All Other Outpatient Care Centers,1,0.09842519685039369
2017 NAICS Title,Medical Laboratories,1,0.09842519685039369
2017 NAICS Title,Diagnostic Imaging Centers,1,0.09842519685039369
2017 NAICS Title,Home Health Care Services,1,0.09842519685039369
2017 NAICS Title,Ambulance Services,1,0.09842519685039369
2017 NAICS Title,Blood and Organ Banks,1,0.09842519685039369
2017 NAICS Title,All Other Miscellaneous Ambulatory Health Care Services,1,0.09842519685039369
2017 NAICS Title,General Medical and Surgical Hospitals,1,0.09842519685039369
2017 NAICS Title,Psychiatric and Substance Abuse Hospitals,1,0.09842519685039369
2017 NAICS Title,Specialty (except Psychiatric and Substance Abuse) Hospitals,1,0.09842519685039369
2017 NAICS Title,Nursing Care Facilities (Skilled Nursing Facilities),1,0.09842519685039369
2017 NAICS Title,Residential Intellectual and Developmental Disability Facilities,1,0.09842519685039369
2017 NAICS Title,Residential Mental Health and Substance Abuse Facilities,1,0.09842519685039369
2017 NAICS Title,Continuing Care Retirement Communities,1,0.09842519685039369
2017 NAICS Title,Assisted Living Facilities for the Elderly,1,0.09842519685039369
2017 NAICS Title,Other Residential Care Facilities,1,0.09842519685039369
2017 NAICS Title,Child and Youth Services,1,0.09842519685039369
2017 NAICS Title,Services for the Elderly and Persons with Disabilities,1,0.09842519685039369
2017 NAICS Title,Other Individual and Family Services,1,0.09842519685039369
2017 NAICS Title,Community Food Services,1,0.09842519685039369
2017 NAICS Title,Temporary Shelters,1,0.09842519685039369
2017 NAICS Title,Other Community Housing Services,1,0.09842519685039369
2017 NAICS Title,Emergency and Other Relief Services,1,0.09842519685039369
2017 NAICS Title,Vocational Rehabilitation Services,1,0.09842519685039369
2017 NAICS Title,Child Day Care Services,1,0.09842519685039369
2017 NAICS Title,Theater Companies and Dinner Theaters,1,0.09842519685039369
2017 NAICS Title,Dance Companies,1,0.09842519685039369
2017 NAICS Title,Musical Groups and Artists,1,0.09842519685039369
2017 NAICS Title,Other Performing Arts Companies,1,0.09842519685039369
2017 NAICS Title,Sports Teams and Clubs,1,0.09842519685039369
2017 NAICS Title,Racetracks,1,0.09842519685039369
2017 NAICS Title,Other Spectator Sports,1,0.09842519685039369
2017 NAICS Title,"Promoters of Performing Arts, Sports, and Similar Events with Facilities",1,0.09842519685039369
2017 NAICS Title,"Promoters of Performing Arts, Sports, and Similar Events without Facilities",1,0.09842519685039369
2017 NAICS Title,"Agents and Managers for Artists, Athletes, Entertainers, and Other Public Figures",1,0.09842519685039369
2017 NAICS Title,"Independent Artists, Writers, and Performers",1,0.09842519685039369
2017 NAICS Title,Museums,1,0.09842519685039369
2017 NAICS Title,Historical Sites,1,0.09842519685039369
2017 NAICS Title,Zoos and Botanical Gardens,1,0.09842519685039369
2017 NAICS Title,Nature Parks and Other Similar Institutions,1,0.09842519685039369
2017 NAICS Title,Amusement and Theme Parks,1,0.09842519685039369
2017 NAICS Title,Amusement Arcades,1,0.09842519685039369
2017 NAICS Title,Casinos (except Casino Hotels),1,0.09842519685039369
2017 NAICS Title,Other Gambling Industries,1,0.09842519685039369
2017 NAICS Title,Golf Courses and Country Clubs,1,0.09842519685039369
2017 NAICS Title,Skiing Facilities,1,0.09842519685039369
2017 NAICS Title,Marinas,1,0.09842519685039369
2017 NAICS Title,Fitness and Recreational Sports Centers,1,0.09842519685039369
2017 NAICS Title,Bowling Centers,1,0.09842519685039369
2017 NAICS Title,All Other Amusement and Recreation Industries,1,0.09842519685039369
2017 NAICS Title,Hotels (except Casino Hotels) and Motels,1,0.09842519685039369
2017 NAICS Title,Casino Hotels,1,0.09842519685039369
2017 NAICS Title,Bed-and-Breakfast Inns,1,0.09842519685039369
2017 NAICS Title,All Other Traveler Accommodation,1,0.09842519685039369
2017 NAICS Title,RV (Recreational Vehicle) Parks and Campgrounds,1,0.09842519685039369
2017 NAICS Title,Recreational and Vacation Camps (except Campgrounds),1,0.09842519685039369
2017 NAICS Title,"Rooming and Boarding Houses, Dormitories, and Workers' Camps",1,0.09842519685039369
2017 NAICS Title,Food Service Contractors,1,0.09842519685039369
2017 NAICS Title,Caterers,1,0.09842519685039369
2017 NAICS Title,Mobile Food Services,1,0.09842519685039369
2017 NAICS Title,Drinking Places (Alcoholic Beverages),1,0.09842519685039369
2017 NAICS Title,Full-Service Restaurants,1,0.09842519685039369
2017 NAICS Title,Limited-Service Restaurants,1,0.09842519685039369
2017 NAICS Title,"Cafeterias, Grill Buffets, and Buffets",1,0.09842519685039369
2017 NAICS Title,Snack and Nonalcoholic Beverage Bars,1,0.09842519685039369
2017 NAICS Title,General Automotive Repair,1,0.09842519685039369
2017 NAICS Title,Automotive Exhaust System Repair,1,0.09842519685039369
2017 NAICS Title,Automotive Transmission Repair,1,0.09842519685039369
2017 NAICS Title,Other Automotive Mechanical and Electrical Repair and Maintenance,1,0.09842519685039369
2017 NAICS Title,"Automotive Body, Paint, and Interior Repair and Maintenance",1,0.09842519685039369
2017 NAICS Title,Automotive Glass Replacement Shops,1,0.09842519685039369
2017 NAICS Title,Automotive Oil Change and Lubrication Shops,1,0.09842519685039369
2017 NAICS Title,Car Washes,1,0.09842519685039369
2017 NAICS Title,All Other Automotive Repair and Maintenance,1,0.09842519685039369
2017 NAICS Title,Consumer Electronics Repair and Maintenance,1,0.09842519685039369
2017 NAICS Title,Computer and Office Machine Repair and Maintenance,1,0.09842519685039369
2017 NAICS Title,Communication Equipment Repair and Maintenance,1,0.09842519685039369
2017 NAICS Title,Other Electronic and Precision Equipment Repair and Maintenance,1,0.09842519685039369
2017 NAICS Title,Commercial and Industrial Machinery and Equipment (except Automotive and Electronic) Repair and Maintenance,1,0.09842519685039369
2017 NAICS Title,Home and Garden Equipment Repair and Maintenance,1,0.09842519685039369
2017 NAICS Title,Appliance Repair and Maintenance,1,0.09842519685039369
2017 NAICS Title,Reupholstery and Furniture Repair,1,0.09842519685039369
2017 NAICS Title,Footwear and Leather Goods Repair,1,0.09842519685039369
2017 NAICS Title,Other Personal and Household Goods Repair and Maintenance,1,0.09842519685039369
2017 NAICS Title,Barber Shops,1,0.09842519685039369
2017 NAICS Title,Beauty Salons,1,0.09842519685039369
2017 NAICS Title,Nail Salons,1,0.09842519685039369
2017 NAICS Title,Diet and Weight Reducing Centers,1,0.09842519685039369
2017 NAICS Title,Other Personal Care Services,1,0.09842519685039369
2017 NAICS Title,Funeral Homes and Funeral Services,1,0.09842519685039369
2017 NAICS Title,Cemeteries and Crematories,1,0.09842519685039369
2017 NAICS Title,Coin-Operated Laundries and Drycleaners,1,0.09842519685039369
2017 NAICS Title,Drycleaning and Laundry Services (except Coin-Operated),1,0.09842519685039369
2017 NAICS Title,Linen Supply,1,0.09842519685039369
2017 NAICS Title,Industrial Launderers,1,0.09842519685039369
2017 NAICS Title,Pet Care (except Veterinary) Services,1,0.09842519685039369
2017 NAICS Title,Photofinishing Laboratories (except One-Hour),1,0.09842519685039369
2017 NAICS Title,One-Hour Photofinishing,1,0.09842519685039369
2017 NAICS Title,Parking Lots and Garages,1,0.09842519685039369
2017 NAICS Title,All Other Personal Services,1,0.09842519685039369
2017 NAICS Title,Religious Organizations,1,0.09842519685039369
2017 NAICS Title,Grantmaking Foundations,1,0.09842519685039369
2017 NAICS Title,Voluntary Health Organizations,1,0.09842519685039369
2017 NAICS Title,Other Grantmaking and Giving Services,1,0.09842519685039369
2017 NAICS Title,Human Rights Organizations,1,0.09842519685039369
2017 NAICS Title,"Environment, Conservation and Wildlife Organizations",1,0.09842519685039369
2017 NAICS Title,Other Social Advocacy Organizations,1,0.09842519685039369
2017 NAICS Title,Civic and Social Organizations,1,0.09842519685039369
2017 NAICS Title,Business Associations,1,0.09842519685039369
2017 NAICS Title,Professional Organizations,1,0.09842519685039369
2017 NAICS Title,Labor Unions and Similar Labor Organizations,1,0.09842519685039369
2017 NAICS Title,Political Organizations,1,0.09842519685039369
2017 NAICS Title,"Other Similar Organizations (except Business, Professional, Labor, and Political Organizations)",1,0.09842519685039369
